LA;LO
42.6268847;13.29104727
42.62714513;13.29137742
42.62702977;13.29096574
42.62713161;13.29075959
42.62783662;13.29034516
42.62727526;13.29092762
42.62789092;13.29111365
42.6272786;13.29078661
42.62655216;13.29030491
42.62672959;13.29032251
42.62759257;13.29037809
42.62689861;13.29106726
42.62711406;13.2906446
42.62727005;13.2909635
42.62728843;13.2900025
;
;
;
;
;
;
;
;
;
;
;
;
;
;
;
